source_account,middle_account,cashout_account,transfer_step,cashout_step,transfer_amount,cashout_amount,transfer_isFraud,cashout_isFraud
C1933517957,C1939958280,C232785081,24,37,265406.49,400729.53,0,0
C831358900,C874023329,C1468339976,34,47,1326914.02,292696.43,0,0
C1554009922,C874023329,C1468339976,36,47,149467.61,292696.43,0,0
C1739712760,C1360393616,C654237876,44,44,161654.47,75989.57,0,0
C1483406592,C2013691076,C1228316980,129,132,255345.27,433722.0,0,0
C11465170,C1883483535,C792212230,139,139,456477.88,247241.29,0,0
C1076477679,C991247178,C1344561835,143,162,195823.9,60387.69,0,0
C532453433,C1708070258,C11164223,155,177,1310843.36,406454.19,0,0
C1558625741,C1838628808,C224572740,156,158,213684.91,123530.04,0,0
C1766969454,C1708070258,C11164223,156,177,822049.92,406454.19,0,0
C786750141,C525345654,C1459757869,159,182,482744.88,150045.9,0,0
C1238994582,C1708070258,C11164223,162,177,346831.77,406454.19,0,0
C594987376,C2097141675,C1862512636,188,209,73331.48,31292.34,0,0
C1679511897,C1479919685,C312616124,203,210,594887.22,264722.27,0,0
C757994593,C1090233463,C818570146,203,211,444962.38,88770.58,0,0
C102109493,C48724144,C437634968,205,212,13601.41,83292.52,0,0
C1024612194,C1479919685,C312616124,206,210,567513.99,264722.27,0,0
C992346365,C53804285,C1241891991,210,211,596674.97,100626.36,0,0
C460254236,C1193292930,C396751828,229,238,547733.88,38173.4,0,0
C1535200260,C15732446,C2146116499,298,300,138975.98,621686.69,0,0
C1271708118,C636092700,C377734662,298,307,1319729.61,217273.86,0,0
C1923160510,C636092700,C377734662,305,307,1278572.49,217273.86,0,0
C316757447,C1452222022,C105645758,307,311,221559.2,152871.54,0,0
C954674958,C2027399950,C540274871,329,348,206424.51,94515.14,0,0
C3155861,C279759786,C2129983211,349,351,151730.1,90332.0,0,0
C322893228,C436378709,C1924726171,354,374,855539.29,331760.74,0,0
C1087233529,C2081672577,C1165861441,356,378,110108.54,128091.24,0,0
C1119068123,C862183513,C385693064,357,373,168963.47,133939.48,0,0
C1900543733,C344611133,C1450748271,358,378,15749.55,200325.57,0,0
C1905033493,C396036254,C161636444,370,374,16504.47,205846.21,0,0
