rank,id,account_type,balance,pagerank,inDegree,outDegree,degree
1,C1675375648,Customer,11865698.2,4.233459264614341,6,0,6
2,C746062580,Customer,442245.7,4.233459264614341,6,0,6
3,C1374807407,Customer,3695993.22,3.6435510064303753,5,0,5
4,C1431689012,Customer,7775715.05,3.6435510064303753,5,0,5
5,C1867332127,Customer,9555462.42,3.6435510064303753,5,0,5
6,C2073764942,Customer,9987723.68,3.6435510064303753,5,0,5
7,C234827271,Customer,7313505.87,3.6435510064303753,5,0,5
8,C389378891,Customer,5249595.27,3.6435510064303753,5,0,5
9,C830615916,Customer,6752606.39,3.6435510064303753,5,0,5
10,C10053493,Customer,8131822.0,3.05364274824641,4,0,4
