a,b,c,transaction_combinations
119_811C597B0,222_811B83280,48309_811C599A0,490
148350_811FFF630,148350_812D0C3C0,50528_812D0C600,360
119_811C597B0,150240_812D22980,48309_811C599A0,300
119_811C597B0,48309_811C599A0,150240_812D22980,280
119_811C597B0,222_811B83280,150240_812D22980,245
150240_812D22980,222_811B83280,48309_811C599A0,196
148350_811FFF630,50528_812D0C600,148350_812D0C3C0,160
119_811C597B0,48309_811C599A0,222_811B83280,150
150240_812D22980,48309_811C599A0,222_811B83280,150
119_811C597B0,150240_812D22980,222_811B83280,105
121_8000E1590,222_811D80C30,223_811A65E30,4
118_811A67510,48308_811ED7DF0,119_81235E8B0,2
118_811B6E170,118_812D06150,222_811D80C30,2
118_811B6E170,121_8000E1590,222_811D80C30,2
118_811B6E170,222_811D80C30,118_811B9B110,2
118_811B6E170,222_811D80C30,119_8000DB3C0,2
118_811B6E170,222_811D80C30,121_8000E1590,2
121_8000E1590,228101_80B0C3F40,222_811D80C30,2
121_8000E1590,228101_80B0C3F40,223_811B9B160,2
110603_809936360,21831_807BFE2C0,220888_80EBD88F0,1
111312_8045732A0,14_81016E050,32564_80C1EB8B0,1
118_811A67510,222_811D80C30,118_811B6E170,1
118_811A67510,222_811D80C30,121_8000E1590,1
118_811A67510,251264_812D1B280,119_81235E8B0,1
118_811B6E170,118_811B9B110,222_811D80C30,1
118_811B6E170,119_8000DB3C0,222_811D80C30,1
118_811B6E170,119_811B88600,222_811D80C30,1
118_811B6E170,119_811DCA9B0,119_8000DB3C0,1
118_811B6E170,119_811DCA9B0,222_811D80C30,1
118_811B6E170,121_8000E1590,118_811B9B110,1
118_811B6E170,121_8000E1590,119_8000DB3C0,1
118_811B6E170,121_8000E1590,119_811DCA9B0,1
118_811B6E170,223_811B9B160,121_8000E1590,1
118_811B6E170,223_811B9B160,222_811D80C30,1
118_811B6E170,228101_80B0C3F40,119_811DCA9B0,1
118_811B6E170,228101_80B0C3F40,222_811D80C30,1
118_811B6E170,249118_814965B00,119_8000DB3C0,1
118_811B6E170,249118_814965B00,222_811D80C30,1
118_811B9B110,222_811D80C30,121_8000E1590,1
118_812D06150,222_811D80C30,121_8000E1590,1
119_8000DB3C0,222_811D80C30,121_8000E1590,1
119_8000DB3C0,223_811A65E30,121_8000E1590,1
119_8000DB3C0,223_811A65E30,222_811D80C30,1
119_811DCA9B0,222_811D80C30,121_8000E1590,1
119_811DCA9B0,222_811D80C30,228101_80B0C3F40,1
119_81235E8B0,148389_811EDAA30,48309_81235EAA0,1
121_8000E1590,223_8119F8CC0,222_811D80C30,1
121_8000E1590,223_811A65E30,222_811D80C30,1
12_800052EF0,20_80010ECB0,410_800248110,1
17610_806C30AA0,21813_80ECAB9A0,220504_8087D80F0,1
212789_804EFC300,217096_8062E09A0,2627_80EEAF1E0,1
21575_800EC1750,3335_8015A6530,22828_8011150C0,1
22164_802528AE0,25547_8034D1800,9417_8037EB780,1
222_811D80C30,228101_80B0C3F40,223_811B9B160,1
