id,bank_id,account_type,bank_name,balance,pagerank,inDegree,outDegree,degree
25847_809D1D1D0,25847,Corporation,Canada Bank #10,0.0,16.257747515367193,3,1,4
46906_8113C7AE0,46906,Corporation,Israel Bank #46,0.0,15.606692641196338,3,1,4
217641_806ADC860,217641,Corporation,Russia Bank #33,0.0,15.319791132206117,4,1,5
4726_8139D3A40,4726,Sole Proprietorship,Savings Bank of Huron,0.0,14.76524165376853,5,1,6
26302_809DACA80,26302,Corporation,Canada Bank #51,0.0,13.90952878519783,3,1,4
8248_80C2035D0,8248,Partnership,China Bank #39,0.0,13.117994381769956,2,1,3
25637_81379A350,25637,Sole Proprietorship,Arbor Bancorp,0.0,12.995520477455777,3,1,4
16643_802D141D0,16643,Partnership,Italy Bank #6,0.0,12.682553568724245,4,1,5
44451_8114F1AD0,44451,Sole Proprietorship,Israel Bank #33,0.0,12.515429903484772,3,1,4
43735_8107BB990,43735,Partnership,Israel Bank #24,0.0,12.445190138856262,2,1,3
