dataset,degree,account_count,proportion
PaySim,1,187755,0.9668374571950874
PaySim,2,5700,0.02935194006024872
PaySim,3,668,0.003439841396534411
PaySim,4,63,0.0003244161796132753
PaySim,5,7,3.6046242179252814e-05
PaySim,6,2,1.0298926336929374e-05
IBM AML,1,71835,0.6034374133716388
IBM AML,2,31518,0.2647614727451425
IBM AML,3,9993,0.08394445704493335
IBM AML,4,3601,0.03024957368345892
IBM AML,5,1291,0.010844820779046227
IBM AML,6,487,0.004090958729198693
IBM AML,7,177,0.001486857690078375
IBM AML,8,80,0.0006720260746116949
IBM AML,9,33,0.00027721075577732414
IBM AML,10,7,5.880228152852331e-05
IBM AML,11,6,5.040195559587712e-05
IBM AML,145,1,8.400325932646187e-06
IBM AML,160,1,8.400325932646187e-06
IBM AML,174,1,8.400325932646187e-06
IBM AML,208,1,8.400325932646187e-06
IBM AML,226,1,8.400325932646187e-06
IBM AML,257,1,8.400325932646187e-06
IBM AML,274,1,8.400325932646187e-06
IBM AML,276,1,8.400325932646187e-06
IBM AML,321,1,8.400325932646187e-06
IBM AML,324,1,8.400325932646187e-06
IBM AML,354,1,8.400325932646187e-06
IBM AML,362,1,8.400325932646187e-06
IBM AML,399,1,8.400325932646187e-06
IBM AML,1988,1,8.400325932646187e-06
IBM AML,3327,1,8.400325932646187e-06
